{"gpstime": 1410526590.4472656, "detection_statistic": -6.5481744, "far": 0.1, "ifos": ["H1", "L1"]}